"Label","Atlantic County, New Jersey!!Total!!Estimate","Atlantic County, New Jersey!!Below poverty level!!Estimate","Atlantic County, New Jersey!!Percent below poverty level!!Estimate","Bergen County, New Jersey!!Total!!Estimate","Bergen County, New Jersey!!Below poverty level!!Estimate","Bergen County, New Jersey!!Percent below poverty level!!Estimate","Burlington County, New Jersey!!Total!!Estimate","Burlington County, New Jersey!!Below poverty level!!Estimate","Burlington County, New Jersey!!Percent below poverty level!!Estimate","Camden County, New Jersey!!Total!!Estimate","Camden County, New Jersey!!Below poverty level!!Estimate","Camden County, New Jersey!!Percent below poverty level!!Estimate","Cape May County, New Jersey!!Total!!Estimate","Cape May County, New Jersey!!Below poverty level!!Estimate","Cape May County, New Jersey!!Percent below poverty level!!Estimate","Cumberland County, New Jersey!!Total!!Estimate","Cumberland County, New Jersey!!Below poverty level!!Estimate","Cumberland County, New Jersey!!Percent below poverty level!!Estimate","Essex County, New Jersey!!Total!!Estimate","Essex County, New Jersey!!Below poverty level!!Estimate","Essex County, New Jersey!!Percent below poverty level!!Estimate","Gloucester County, New Jersey!!Total!!Estimate","Gloucester County, New Jersey!!Below poverty level!!Estimate","Gloucester County, New Jersey!!Percent below poverty level!!Estimate","Hudson County, New Jersey!!Total!!Estimate","Hudson County, New Jersey!!Below poverty level!!Estimate","Hudson County, New Jersey!!Percent below poverty level!!Estimate","Hunterdon County, New Jersey!!Total!!Estimate","Hunterdon County, New Jersey!!Below poverty level!!Estimate","Hunterdon County, New Jersey!!Percent below poverty level!!Estimate","Mercer County, New Jersey!!Total!!Estimate","Mercer County, New Jersey!!Below poverty level!!Estimate","Mercer County, New Jersey!!Percent below poverty level!!Estimate","Middlesex County, New Jersey!!Total!!Estimate","Middlesex County, New Jersey!!Below poverty level!!Estimate","Middlesex County, New Jersey!!Percent below poverty level!!Estimate","Monmouth County, New Jersey!!Total!!Estimate","Monmouth County, New Jersey!!Below poverty level!!Estimate","Monmouth County, New Jersey!!Percent below poverty level!!Estimate","Morris County, New Jersey!!Total!!Estimate","Morris County, New Jersey!!Below poverty level!!Estimate","Morris County, New Jersey!!Percent below poverty level!!Estimate","Ocean County, New Jersey!!Total!!Estimate","Ocean County, New Jersey!!Below poverty level!!Estimate","Ocean County, New Jersey!!Percent below poverty level!!Estimate","Passaic County, New Jersey!!Total!!Estimate","Passaic County, New Jersey!!Below poverty level!!Estimate","Passaic County, New Jersey!!Percent below poverty level!!Estimate","Salem County, New Jersey!!Total!!Estimate","Salem County, New Jersey!!Below poverty level!!Estimate","Salem County, New Jersey!!Percent below poverty level!!Estimate","Somerset County, New Jersey!!Total!!Estimate","Somerset County, New Jersey!!Below poverty level!!Estimate","Somerset County, New Jersey!!Percent below poverty level!!Estimate","Sussex County, New Jersey!!Total!!Estimate","Sussex County, New Jersey!!Below poverty level!!Estimate","Sussex County, New Jersey!!Percent below poverty level!!Estimate","Union County, New Jersey!!Total!!Estimate","Union County, New Jersey!!Below poverty level!!Estimate","Union County, New Jersey!!Percent below poverty level!!Estimate","Warren County, New Jersey!!Total!!Estimate","Warren County, New Jersey!!Below poverty level!!Estimate","Warren County, New Jersey!!Percent below poverty level!!Estimate","New Jersey!!Total!!Estimate","New Jersey!!Below poverty level!!Estimate","New Jersey!!Percent below poverty level!!Estimate"
"Population for whom poverty status is determined","262,851","37,471","14.3%","919,555","64,674","7.0%","434,384","28,151","6.5%","500,400","62,871","12.6%","91,511","10,140","11.1%","141,164","24,830","17.6%","774,125","127,250","16.4%","286,910","21,275","7.4%","660,845","107,718","16.3%","120,984","5,828","4.8%","352,651","40,026","11.4%","796,219","67,432","8.5%","617,480","45,873","7.4%","486,906","22,607","4.6%","584,619","62,837","10.7%","496,327","82,823","16.7%","62,032","8,067","13.0%","326,701","15,319","4.7%","140,897","7,191","5.1%","546,615","53,602","9.8%","104,650","8,147","7.8%","8,707,826","904,132","10.4%"
"    AGE","","","","","","","","","","","","","","","","","","","","","","","","","","","","","","","","","","","","","","","","","","","","","","","","","","","","","","","","","","","","","","","","","",""
"        Under 18 years","56,953","12,884","22.6%","198,105","15,851","8.0%","93,089","8,373","9.0%","114,943","20,695","18.0%","16,163","2,669","16.5%","35,648","9,416","26.4%","186,527","42,922","23.0%","64,341","5,815","9.0%","136,165","32,898","24.2%","24,215","1,427","5.9%","78,362","12,383","15.8%","179,649","20,056","11.2%","134,158","13,505","10.1%","106,251","5,178","4.9%","138,681","24,886","17.9%","119,857","30,908","25.8%","13,546","2,985","22.0%","73,676","3,591","4.9%","28,820","1,712","5.9%","129,154","18,161","14.1%","21,461","2,360","11.0%","1,949,764","288,675","14.8%"
"            Under 5 years","14,820","4,017","27.1%","48,882","3,766","7.7%","22,870","2,438","10.7%","30,744","6,100","19.8%","4,138","668","16.1%","9,596","2,216","23.1%","51,612","13,560","26.3%","15,375","1,456","9.5%","46,566","9,590","20.6%","4,924","316","6.4%","20,734","4,069","19.6%","48,114","5,910","12.3%","30,982","3,360","10.8%","24,497","1,228","5.0%","40,456","8,928","22.1%","34,103","9,519","27.9%","3,388","899","26.5%","17,257","909","5.3%","6,348","361","5.7%","34,600","5,263","15.2%","4,838","513","10.6%","514,844","85,086","16.5%"
"            5 to 17 years","42,133","8,867","21.0%","149,223","12,085","8.1%","70,219","5,935","8.5%","84,199","14,595","17.3%","12,025","2,001","16.6%","26,052","7,200","27.6%","134,915","29,362","21.8%","48,966","4,359","8.9%","89,599","23,308","26.0%","19,291","1,111","5.8%","57,628","8,314","14.4%","131,535","14,146","10.8%","103,176","10,145","9.8%","81,754","3,950","4.8%","98,225","15,958","16.2%","85,754","21,389","24.9%","10,158","2,086","20.5%","56,419","2,682","4.8%","22,472","1,351","6.0%","94,554","12,898","13.6%","16,623","1,847","11.1%","1,434,920","203,589","14.2%"
"            Related children of householder under 18 years","56,714","12,667","22.3%","197,834","15,591","7.9%","92,772","8,079","8.7%","114,479","20,243","17.7%","16,058","2,579","16.1%","35,478","9,300","26.2%","186,189","42,621","22.9%","63,987","5,461","8.5%","135,486","32,276","23.8%","24,166","1,378","5.7%","78,024","12,115","15.5%","179,255","19,686","11.0%","133,906","13,282","9.9%","106,048","5,025","4.7%","138,412","24,649","17.8%","119,629","30,709","25.7%","13,496","2,935","21.7%","73,597","3,528","4.8%","28,709","1,601","5.6%","128,912","18,001","14.0%","21,401","2,323","10.9%","1,944,552","284,049","14.6%"
"        18 to 64 years","161,719","20,856","12.9%","570,297","36,851","6.5%","270,934","16,573","6.1%","311,865","35,299","11.3%","52,551","5,756","11.0%","84,329","13,323","15.8%","486,895","71,412","14.7%","179,932","13,135","7.3%","450,119","62,241","13.8%","75,590","3,652","4.8%","222,468","23,488","10.6%","501,701","37,927","7.6%","381,924","25,957","6.8%","302,599","13,075","4.3%","317,348","30,012","9.5%","308,084","43,675","14.2%","37,822","4,331","11.5%","205,647","9,253","4.5%","89,800","4,502","5.0%","343,220","28,832","8.4%","65,554","4,641","7.1%","5,420,398","504,791","9.3%"
"            18 to 34 years","54,163","8,593","15.9%","178,971","14,321","8.0%","88,470","6,349","7.2%","111,105","15,058","13.6%","16,108","2,086","13.0%","31,106","5,700","18.3%","171,104","30,616","17.9%","59,367","6,567","11.1%","191,700","28,865","15.1%","19,559","1,240","6.3%","76,413","10,147","13.3%","169,299","18,320","10.8%","116,922","10,269","8.8%","91,965","5,429","5.9%","106,822","12,575","11.8%","113,516","18,564","16.4%","12,197","1,658","13.6%","61,875","3,640","5.9%","26,577","1,379","5.2%","116,488","11,324","9.7%","19,840","1,668","8.4%","1,833,567","214,368","11.7%"
"            35 to 64 years","107,556","12,263","11.4%","391,326","22,530","5.8%","182,464","10,224","5.6%","200,760","20,241","10.1%","36,443","3,670","10.1%","53,223","7,623","14.3%","315,791","40,796","12.9%","120,565","6,568","5.4%","258,419","33,376","12.9%","56,031","2,412","4.3%","146,055","13,341","9.1%","332,402","19,607","5.9%","265,002","15,688","5.9%","210,634","7,646","3.6%","210,526","17,437","8.3%","194,568","25,111","12.9%","25,625","2,673","10.4%","143,772","5,613","3.9%","63,223","3,123","4.9%","226,732","17,508","7.7%","45,714","2,973","6.5%","3,586,831","290,423","8.1%"
"        60 years and over","61,953","5,484","8.9%","210,349","15,423","7.3%","97,996","4,872","5.0%","104,423","10,117","9.7%","31,364","2,348","7.5%","29,195","3,162","10.8%","145,218","18,778","12.9%","61,798","3,541","5.7%","109,127","16,977","15.6%","30,788","1,232","4.0%","73,594","6,139","8.3%","163,672","12,486","7.6%","143,914","8,883","6.2%","110,407","5,548","5.0%","166,603","11,356","6.8%","97,990","11,736","12.0%","15,297","1,268","8.3%","67,701","3,425","5.1%","32,808","1,440","4.4%","105,612","9,266","8.8%","24,819","1,563","6.3%","1,884,628","155,044","8.2%"
"        65 years and over","44,179","3,731","8.4%","151,153","11,972","7.9%","70,361","3,205","4.6%","73,592","6,877","9.3%","22,797","1,715","7.5%","21,187","2,091","9.9%","100,703","12,916","12.8%","42,637","2,325","5.5%","74,561","12,579","16.9%","21,179","749","3.5%","51,821","4,155","8.0%","114,869","9,449","8.2%","101,398","6,411","6.3%","78,056","4,354","5.6%","128,590","7,939","6.2%","68,386","8,240","12.0%","10,664","751","7.0%","47,378","2,475","5.2%","22,277","977","4.4%","74,241","6,609","8.9%","17,635","1,146","6.5%","1,337,664","110,666","8.3%"
"    SEX","","","","","","","","","","","","","","","","","","","","","","","","","","","","","","","","","","","","","","","","","","","","","","","","","","","","","","","","","","","","","","","","","",""
"        Male","127,357","16,682","13.1%","446,281","27,583","6.2%","210,071","12,390","5.9%","241,282","27,071","11.2%","44,598","4,559","10.2%","67,962","11,150","16.4%","368,615","54,122","14.7%","139,146","9,246","6.6%","327,813","47,011","14.3%","59,092","2,527","4.3%","171,866","17,236","10.0%","389,691","29,003","7.4%","300,405","20,071","6.7%","239,113","10,021","4.2%","281,502","28,341","10.1%","241,847","36,794","15.2%","30,225","3,519","11.6%","159,311","7,341","4.6%","69,961","3,376","4.8%","266,226","22,858","8.6%","51,286","3,638","7.1%","4,233,650","394,539","9.3%"
"        Female","135,494","20,789","15.3%","473,274","37,091","7.8%","224,313","15,761","7.0%","259,118","35,800","13.8%","46,913","5,581","11.9%","73,202","13,680","18.7%","405,510","73,128","18.0%","147,764","12,029","8.1%","333,032","60,707","18.2%","61,892","3,301","5.3%","180,785","22,790","12.6%","406,528","38,429","9.5%","317,075","25,802","8.1%","247,793","12,586","5.1%","303,117","34,496","11.4%","254,480","46,029","18.1%","31,807","4,548","14.3%","167,390","7,978","4.8%","70,936","3,815","5.4%","280,389","30,744","11.0%","53,364","4,509","8.4%","4,474,176","509,593","11.4%"
"    RACE AND HISPANIC OR LATINO ORIGIN","","","","","","","","","","","","","","","","","","","","","","","","","","","","","","","","","","","","","","","","","","","","","","","","","","","","","","","","","","","","","","","","","",""
"        White alone","175,042","15,850","9.1%","656,191","41,472","6.3%","316,481","16,620","5.3%","316,943","23,887","7.5%","83,663","8,580","10.3%","98,719","14,143","14.3%","326,412","31,713","9.7%","234,890","12,942","5.5%","363,414","55,655","15.3%","112,234","4,958","4.4%","224,828","20,039","8.9%","471,635","41,574","8.8%","509,421","30,584","6.0%","398,412","17,635","4.4%","533,268","54,991","10.3%","308,328","39,435","12.8%","50,172","4,890","9.7%","219,969","8,673","3.9%","130,999","6,284","4.8%","307,212","21,000","6.8%","93,078","5,790","6.2%","5,931,311","476,715","8.0%"
"        Black or African American alone","39,027","10,600","27.2%","53,956","5,522","10.2%","69,407","7,288","10.5%","95,561","18,306","19.2%","4,166","789","18.9%","23,888","6,719","28.1%","307,063","69,286","22.6%","29,283","4,770","16.3%","81,209","17,534","21.6%","1,328","312","23.5%","72,629","14,129","19.5%","78,128","8,230","10.5%","42,893","7,493","17.5%","15,635","1,712","10.9%","17,703","3,064","17.3%","55,433","13,028","23.5%","8,100","2,127","26.3%","31,146","2,999","9.6%","3,098","464","15.0%","115,072","13,972","12.1%","4,499","1,155","25.7%","1,149,224","209,499","18.2%"
"        American Indian and Alaska Native alone","960","409","42.6%","1,646","245","14.9%","306","33","10.8%","1,167","535","45.8%","16","0","0.0%","1,040","304","29.2%","1,947","534","27.4%","177","0","0.0%","2,110","136","6.4%","28","0","0.0%","486","77","15.8%","1,858","26","1.4%","974","82","8.4%","660","29","4.4%","337","61","18.1%","1,831","952","52.0%","169","15","8.9%","778","0","0.0%","50","5","10.0%","1,580","73","4.6%","141","8","5.7%","18,261","3,524","19.3%"
"        Asian alone","21,381","3,466","16.2%","149,396","9,575","6.4%","21,409","978","4.6%","28,896","3,597","12.4%","905","217","24.0%","2,094","69","3.3%","40,193","2,536","6.3%","8,825","564","6.4%","100,170","11,917","11.9%","4,923","210","4.3%","37,671","2,491","6.6%","189,397","10,526","5.6%","33,622","1,471","4.4%","49,854","1,670","3.3%","11,247","882","7.8%","26,125","2,397","9.2%","635","67","10.6%","57,206","2,187","3.8%","2,941","231","7.9%","27,705","1,568","5.7%","2,793","185","6.6%","817,388","56,804","6.9%"
"        Native Hawaiian and Other Pacific Islander alone","110","38","34.5%","311","4","1.3%","255","57","22.4%","230","25","10.9%","22","0","0.0%","14","0","0.0%","236","40","16.9%","89","0","0.0%","594","149","25.1%","41","0","0.0%","121","79","65.3%","239","61","25.5%","268","110","41.0%","109","0","0.0%","275","215","78.2%","139","30","21.6%","0","0","-","23","0","0.0%","27","0","0.0%","75","15","20.0%","3","0","0.0%","3,181","823","25.9%"
"        Some other race alone","16,413","4,899","29.8%","35,308","5,791","16.4%","9,545","1,225","12.8%","42,784","14,710","34.4%","1,208","261","21.6%","9,207","2,285","24.8%","79,070","19,799","25.0%","5,486","971","17.7%","90,755","18,570","20.5%","876","309","35.3%","9,504","2,247","23.6%","33,856","4,914","14.5%","17,667","4,313","24.4%","12,618","1,152","9.1%","12,372","2,148","17.4%","89,494","23,950","26.8%","1,046","353","33.7%","10,405","839","8.1%","1,601","134","8.4%","80,205","15,251","19.0%","2,003","603","30.1%","561,423","124,724","22.2%"
"        Two or more races","9,918","2,209","22.3%","22,747","2,065","9.1%","16,981","1,950","11.5%","14,819","1,811","12.2%","1,531","293","19.1%","6,202","1,310","21.1%","19,204","3,342","17.4%","8,160","2,028","24.9%","22,593","3,757","16.6%","1,554","39","2.5%","7,412","964","13.0%","21,106","2,101","10.0%","12,635","1,820","14.4%","9,618","409","4.3%","9,417","1,476","15.7%","14,977","3,031","20.2%","1,910","615","32.2%","7,174","621","8.7%","2,181","73","3.3%","14,766","1,723","11.7%","2,133","406","19.0%","227,038","32,043","14.1%"
"        Hispanic or Latino origin (of any race)","49,154","12,740","25.9%","178,687","23,104","12.9%","32,903","3,755","11.4%","82,113","22,365","27.2%","6,750","2,016","29.9%","43,554","11,775","27.0%","177,252","39,876","22.5%","16,995","2,908","17.1%","286,013","59,687","20.9%","7,188","1,021","14.2%","61,688","13,400","21.7%","168,130","27,249","16.2%","65,772","11,179","17.0%","63,934","5,233","8.2%","53,284","9,097","17.1%","204,293","51,876","25.4%","5,392","1,674","31.0%","47,331","3,667","7.7%","11,010","842","7.6%","170,530","25,765","15.1%","9,247","1,589","17.2%","1,741,220","330,818","19.0%"
"        White alone, not Hispanic or Latino","148,438","10,170","6.9%","526,119","25,526","4.9%","298,496","15,227","5.1%","286,576","18,752","6.5%","78,393","6,856","8.7%","68,501","5,677","8.3%","238,693","14,326","6.0%","226,545","12,251","5.4%","190,069","18,972","10.0%","106,286","4,285","4.0%","176,984","9,553","5.4%","350,056","21,002","6.0%","465,910","24,586","5.3%","350,166","13,783","3.9%","496,220","48,606","9.8%","207,092","15,340","7.4%","46,366","3,725","8.0%","186,788","6,058","3.2%","122,386","5,637","4.6%","220,053","10,169","4.6%","86,451","5,021","5.8%","4,876,588","295,522","6.1%"
"    EDUCATIONAL ATTAINMENT","","","","","","","","","","","","","","","","","","","","","","","","","","","","","","","","","","","","","","","","","","","","","","","","","","","","","","","","","","","","","","","","","",""
"        Population 25 years and over","183,300","20,880","11.4%","649,136","42,297","6.5%","305,058","16,508","5.4%","343,005","35,645","10.4%","68,730","6,560","9.5%","93,225","13,198","14.2%","521,413","70,387","13.5%","198,593","11,574","5.8%","471,481","62,704","13.3%","87,188","3,808","4.4%","242,402","22,867","9.4%","558,624","38,154","6.8%","431,845","27,769","6.4%","341,374","14,388","4.2%","402,683","32,842","8.2%","330,004","43,212","13.1%","43,302","4,423","10.2%","226,592","9,603","4.2%","100,002","4,825","4.8%","371,335","31,040","8.4%","74,667","4,993","6.7%","6,043,959","517,677","8.6%"
"            Less than high school graduate","23,676","6,344","26.8%","49,265","8,726","17.7%","18,334","3,005","16.4%","38,856","10,881","28.0%","5,961","1,423","23.9%","19,964","5,804","29.1%","72,779","19,912","27.4%","14,042","2,526","18.0%","73,737","19,292","26.2%","4,019","632","15.7%","28,256","7,731","27.4%","57,030","10,234","17.9%","28,985","5,392","18.6%","18,911","2,261","12.0%","32,112","5,729","17.8%","54,458","16,594","30.5%","5,205","1,023","19.7%","11,821","1,322","11.2%","5,123","847","16.5%","50,593","9,087","18.0%","6,411","1,066","16.6%","619,538","139,831","22.6%"
"            High school graduate (includes equivalency)","58,593","7,624","13.0%","151,729","14,700","9.7%","84,995","5,829","6.9%","102,351","12,180","11.9%","22,254","2,744","12.3%","34,870","4,235","12.1%","144,108","27,547","19.1%","65,341","4,989","7.6%","120,263","20,781","17.3%","18,260","1,356","7.4%","58,498","7,606","13.0%","139,768","12,676","9.1%","103,042","10,381","10.1%","68,202","4,802","7.0%","136,116","12,087","8.9%","112,309","15,918","14.2%","16,181","1,954","12.1%","44,213","3,190","7.2%","31,194","1,916","6.1%","105,741","11,380","10.8%","23,441","1,944","8.3%","1,641,469","185,839","11.3%"
"            Some college, associate's degree","50,471","4,725","9.4%","133,052","8,157","6.1%","85,115","5,121","6.0%","91,571","8,284","9.0%","18,693","1,632","8.7%","23,492","2,363","10.1%","120,221","15,211","12.7%","55,652","2,790","5.0%","83,376","10,328","12.4%","19,016","937","4.9%","52,473","3,942","7.5%","120,482","7,044","5.8%","104,861","6,337","6.0%","70,139","3,495","5.0%","116,210","9,182","7.9%","70,063","6,931","9.9%","12,700","1,157","9.1%","45,964","2,385","5.2%","28,552","1,249","4.4%","83,753","6,619","7.9%","20,918","1,288","6.2%","1,406,774","109,177","7.8%"
"            Bachelor's degree or higher","50,560","2,187","4.3%","315,090","10,714","3.4%","116,614","2,553","2.2%","110,227","4,300","3.9%","21,822","761","3.5%","14,899","796","5.3%","184,305","7,717","4.2%","63,558","1,269","2.0%","194,105","12,303","6.3%","45,893","883","1.9%","103,175","3,588","3.5%","241,344","8,200","3.4%","194,957","5,659","2.9%","184,122","3,830","2.1%","118,245","5,844","4.9%","93,174","3,769","4.0%","9,216","289","3.1%","124,594","2,706","2.2%","35,133","813","2.3%","131,248","3,954","3.0%","23,897","695","2.9%","2,376,178","82,830","3.5%"
"    EMPLOYMENT STATUS","","","","","","","","","","","","","","","","","","","","","","","","","","","","","","","","","","","","","","","","","","","","","","","","","","","","","","","","","","","","","","","","","",""
"        Civilian labor force 16 years and over","139,792","12,444","8.9%","496,804","17,423","3.5%","237,766","8,948","3.8%","266,231","17,459","6.6%","45,083","2,686","6.0%","67,856","6,568","9.7%","410,830","40,226","9.8%","156,986","6,724","4.3%","374,872","31,463","8.4%","69,109","1,828","2.6%","189,496","11,086","5.9%","429,780","19,664","4.6%","332,731","13,644","4.1%","272,986","7,655","2.8%","272,276","15,260","5.6%","250,030","17,889","7.2%","31,674","2,137","6.7%","181,475","5,188","2.9%","80,036","2,430","3.0%","298,378","16,368","5.5%","58,546","2,996","5.1%","4,662,737","260,086","5.6%"
"            Employed","126,484","8,624","6.8%","474,570","14,037","3.0%","222,797","5,873","2.6%","247,355","12,008","4.9%","41,593","1,641","3.9%","62,928","5,218","8.3%","373,137","26,244","7.0%","147,116","4,765","3.2%","352,169","25,216","7.2%","66,375","1,452","2.2%","176,860","8,001","4.5%","405,537","15,575","3.8%","315,444","10,686","3.4%","260,142","5,771","2.2%","256,228","12,106","4.7%","237,627","15,000","6.3%","29,350","1,353","4.6%","173,348","4,080","2.4%","75,438","1,713","2.3%","279,547","12,293","4.4%","54,868","2,437","4.4%","4,378,913","194,093","4.4%"
"                Male","64,121","3,759","5.9%","252,382","6,579","2.6%","114,521","2,312","2.0%","125,432","4,887","3.9%","21,730","747","3.4%","32,038","2,286","7.1%","189,100","9,997","5.3%","76,107","2,168","2.8%","192,792","11,821","6.1%","34,463","692","2.0%","92,734","3,929","4.2%","218,548","7,096","3.2%","167,777","4,834","2.9%","139,716","2,599","1.9%","130,881","4,742","3.6%","126,940","7,085","5.6%","14,962","525","3.5%","91,457","2,034","2.2%","39,731","665","1.7%","148,269","5,965","4.0%","29,135","1,055","3.6%","2,302,836","85,777","3.7%"
"                Female","62,363","4,865","7.8%","222,188","7,458","3.4%","108,276","3,561","3.3%","121,923","7,121","5.8%","19,863","894","4.5%","30,890","2,932","9.5%","184,037","16,247","8.8%","71,009","2,597","3.7%","159,377","13,395","8.4%","31,912","760","2.4%","84,126","4,072","4.8%","186,989","8,479","4.5%","147,667","5,852","4.0%","120,426","3,172","2.6%","125,347","7,364","5.9%","110,687","7,915","7.2%","14,388","828","5.8%","81,891","2,046","2.5%","35,707","1,048","2.9%","131,278","6,328","4.8%","25,733","1,382","5.4%","2,076,077","108,316","5.2%"
"            Unemployed","13,308","3,820","28.7%","22,234","3,386","15.2%","14,969","3,075","20.5%","18,876","5,451","28.9%","3,490","1,045","29.9%","4,928","1,350","27.4%","37,693","13,982","37.1%","9,870","1,959","19.8%","22,703","6,247","27.5%","2,734","376","13.8%","12,636","3,085","24.4%","24,243","4,089","16.9%","17,287","2,958","17.1%","12,844","1,884","14.7%","16,048","3,154","19.7%","12,403","2,889","23.3%","2,324","784","33.7%","8,127","1,108","13.6%","4,598","717","15.6%","18,831","4,075","21.6%","3,678","559","15.2%","283,824","65,993","23.3%"
"                Male","7,065","1,774","25.1%","12,175","1,900","15.6%","8,033","1,464","18.2%","10,467","2,497","23.9%","1,897","442","23.3%","2,858","761","26.6%","18,591","6,070","32.7%","5,420","971","17.9%","10,908","2,801","25.7%","1,481","213","14.4%","6,811","1,551","22.8%","12,688","2,021","15.9%","9,149","1,554","17.0%","6,322","824","13.0%","8,832","1,592","18.0%","6,480","1,483","22.9%","1,182","250","21.2%","4,213","434","10.3%","2,543","362","14.2%","9,829","1,827","18.6%","1,947","196","10.1%","148,891","30,987","20.8%"
"                Female","6,243","2,046","32.8%","10,059","1,486","14.8%","6,936","1,611","23.2%","8,409","2,954","35.1%","1,593","603","37.9%","2,070","589","28.5%","19,102","7,912","41.4%","4,450","988","22.2%","11,795","3,446","29.2%","1,253","163","13.0%","5,825","1,534","26.3%","11,555","2,068","17.9%","8,138","1,404","17.3%","6,522","1,060","16.3%","7,216","1,562","21.6%","5,923","1,406","23.7%","1,142","534","46.8%","3,914","674","17.2%","2,055","355","17.3%","9,002","2,248","25.0%","1,731","363","21.0%","134,933","35,006","25.9%"
"    WORK EXPERIENCE","","","","","","","","","","","","","","","","","","","","","","","","","","","","","","","","","","","","","","","","","","","","","","","","","","","","","","","","","","","","","","","","","",""
"        Population 16 years and over","212,987","25,713","12.1%","746,416","50,735","6.8%","352,368","20,977","6.0%","398,695","44,355","11.1%","77,539","7,810","10.1%","109,739","16,562","15.1%","607,672","88,835","14.6%","230,540","16,169","7.0%","537,864","78,101","14.5%","100,153","4,580","4.6%","283,498","28,653","10.1%","637,322","49,358","7.7%","501,314","33,783","6.7%","395,242","18,252","4.6%","460,531","39,795","8.6%","389,619","54,762","14.1%","50,170","5,327","10.6%","262,252","12,196","4.7%","116,202","5,836","5.0%","432,114","37,315","8.6%","86,270","6,081","7.0%","6,988,507","645,195","9.2%"
"            Worked full-time, year-round in the past 12 months","84,474","2,775","3.3%","347,660","4,403","1.3%","161,029","1,330","0.8%","173,385","3,743","2.2%","26,226","249","0.9%","43,190","1,619","3.7%","265,616","7,625","2.9%","101,054","771","0.8%","264,944","8,506","3.2%","46,637","440","0.9%","126,328","2,519","2.0%","298,335","4,875","1.6%","219,293","2,844","1.3%","186,820","1,343","0.7%","169,189","3,177","1.9%","175,065","7,074","4.0%","20,739","472","2.3%","128,135","1,479","1.2%","52,781","436","0.8%","202,178","4,448","2.2%","36,809","580","1.6%","3,129,887","60,708","1.9%"
"            Worked part-time or part-year in the past 12 months","56,319","8,175","14.5%","162,888","11,896","7.3%","84,895","6,955","8.2%","96,901","11,856","12.2%","21,671","2,373","11.0%","25,937","4,652","17.9%","139,312","24,782","17.8%","59,879","5,991","10.0%","111,204","21,325","19.2%","24,741","1,345","5.4%","66,563","7,555","11.4%","135,901","13,599","10.0%","126,574","10,550","8.3%","94,783","5,712","6.0%","112,860","11,743","10.4%","77,807","10,023","12.9%","11,332","1,351","11.9%","58,119","3,192","5.5%","29,648","1,742","5.9%","98,375","10,126","10.3%","23,114","2,173","9.4%","1,618,823","177,116","10.9%"
"            Did not work","72,194","14,763","20.4%","235,868","34,436","14.6%","106,444","12,692","11.9%","128,409","28,756","22.4%","29,642","5,188","17.5%","40,612","10,291","25.3%","202,744","56,428","27.8%","69,607","9,407","13.5%","161,716","48,270","29.8%","28,775","2,795","9.7%","90,607","18,579","20.5%","203,086","30,884","15.2%","155,447","20,389","13.1%","113,639","11,197","9.9%","178,482","24,875","13.9%","136,747","37,665","27.5%","18,099","3,504","19.4%","75,998","7,525","9.9%","33,773","3,658","10.8%","131,561","22,741","17.3%","26,347","3,328","12.6%","2,239,797","407,371","18.2%"
"    ALL INDIVIDUALS WITH INCOME BELOW THE FOLLOWING POVERTY RATIOS","","","","","","","","","","","","","","","","","","","","","","","","","","","","","","","","","","","","","","","","","","","","","","","","","","","","","","","","","","","","","","","","","",""
"        50 percent of poverty level","14,984","(X)","(X)","29,098","(X)","(X)","14,753","(X)","(X)","29,036","(X)","(X)","4,588","(X)","(X)","11,390","(X)","(X)","55,736","(X)","(X)","10,161","(X)","(X)","47,250","(X)","(X)","2,603","(X)","(X)","19,041","(X)","(X)","30,497","(X)","(X)","20,918","(X)","(X)","10,368","(X)","(X)","26,133","(X)","(X)","34,945","(X)","(X)","3,650","(X)","(X)","7,164","(X)","(X)","3,866","(X)","(X)","22,695","(X)","(X)","3,372","(X)","(X)","402,248","(X)","(X)"
"        125 percent of poverty level","48,621","(X)","(X)","85,148","(X)","(X)","37,808","(X)","(X)","82,234","(X)","(X)","14,238","(X)","(X)","34,496","(X)","(X)","166,224","(X)","(X)","27,680","(X)","(X)","139,326","(X)","(X)","7,446","(X)","(X)","52,452","(X)","(X)","88,858","(X)","(X)","59,619","(X)","(X)","31,592","(X)","(X)","85,959","(X)","(X)","106,570","(X)","(X)","10,882","(X)","(X)","21,424","(X)","(X)","9,768","(X)","(X)","75,610","(X)","(X)","10,856","(X)","(X)","1,196,811","(X)","(X)"
"        150 percent of poverty level","60,006","(X)","(X)","109,593","(X)","(X)","49,047","(X)","(X)","101,348","(X)","(X)","17,632","(X)","(X)","41,782","(X)","(X)","198,803","(X)","(X)","34,020","(X)","(X)","168,543","(X)","(X)","9,562","(X)","(X)","63,419","(X)","(X)","110,817","(X)","(X)","74,358","(X)","(X)","40,039","(X)","(X)","105,471","(X)","(X)","128,101","(X)","(X)","13,178","(X)","(X)","26,352","(X)","(X)","12,675","(X)","(X)","98,318","(X)","(X)","13,622","(X)","(X)","1,476,686","(X)","(X)"
"        185 percent of poverty level","76,806","(X)","(X)","142,104","(X)","(X)","65,488","(X)","(X)","128,912","(X)","(X)","21,760","(X)","(X)","52,102","(X)","(X)","245,849","(X)","(X)","44,436","(X)","(X)","211,978","(X)","(X)","12,089","(X)","(X)","82,869","(X)","(X)","144,956","(X)","(X)","95,979","(X)","(X)","53,726","(X)","(X)","135,848","(X)","(X)","154,646","(X)","(X)","16,280","(X)","(X)","36,503","(X)","(X)","19,001","(X)","(X)","128,393","(X)","(X)","19,074","(X)","(X)","1,888,799","(X)","(X)"
"        200 percent of poverty level","83,099","(X)","(X)","156,214","(X)","(X)","73,064","(X)","(X)","140,181","(X)","(X)","24,489","(X)","(X)","56,752","(X)","(X)","261,755","(X)","(X)","49,788","(X)","(X)","227,687","(X)","(X)","13,211","(X)","(X)","88,793","(X)","(X)","160,004","(X)","(X)","105,500","(X)","(X)","58,625","(X)","(X)","148,973","(X)","(X)","166,949","(X)","(X)","17,501","(X)","(X)","40,104","(X)","(X)","21,350","(X)","(X)","140,715","(X)","(X)","20,839","(X)","(X)","2,055,593","(X)","(X)"
"        300 percent of poverty level","126,002","(X)","(X)","252,898","(X)","(X)","130,457","(X)","(X)","208,920","(X)","(X)","38,122","(X)","(X)","81,924","(X)","(X)","367,734","(X)","(X)","86,072","(X)","(X)","326,262","(X)","(X)","21,810","(X)","(X)","131,651","(X)","(X)","259,827","(X)","(X)","169,837","(X)","(X)","101,610","(X)","(X)","238,410","(X)","(X)","236,215","(X)","(X)","26,363","(X)","(X)","72,181","(X)","(X)","38,211","(X)","(X)","214,850","(X)","(X)","35,012","(X)","(X)","3,164,368","(X)","(X)"
"        400 percent of poverty level","161,685","(X)","(X)","351,826","(X)","(X)","189,283","(X)","(X)","275,559","(X)","(X)","50,374","(X)","(X)","99,165","(X)","(X)","448,561","(X)","(X)","125,123","(X)","(X)","403,446","(X)","(X)","33,476","(X)","(X)","168,983","(X)","(X)","358,106","(X)","(X)","233,959","(X)","(X)","145,662","(X)","(X)","317,414","(X)","(X)","294,839","(X)","(X)","33,943","(X)","(X)","104,655","(X)","(X)","56,115","(X)","(X)","281,242","(X)","(X)","48,423","(X)","(X)","4,181,839","(X)","(X)"
"        500 percent of poverty level","188,416","(X)","(X)","451,116","(X)","(X)","240,747","(X)","(X)","333,847","(X)","(X)","62,076","(X)","(X)","112,708","(X)","(X)","520,740","(X)","(X)","163,408","(X)","(X)","462,603","(X)","(X)","46,067","(X)","(X)","203,713","(X)","(X)","451,168","(X)","(X)","297,160","(X)","(X)","196,245","(X)","(X)","386,843","(X)","(X)","345,971","(X)","(X)","41,629","(X)","(X)","138,851","(X)","(X)","75,689","(X)","(X)","337,712","(X)","(X)","62,156","(X)","(X)","5,118,865","(X)","(X)"
"UNRELATED INDIVIDUALS FOR WHOM POVERTY STATUS IS DETERMINED","48,320","11,655","24.1%","126,006","22,761","18.1%","67,376","10,515","15.6%","87,738","21,037","24.0%","18,219","3,723","20.4%","25,798","7,948","30.8%","143,135","39,356","27.5%","44,212","9,558","21.6%","153,576","36,405","23.7%","16,561","2,480","15.0%","60,722","14,282","23.5%","108,774","22,903","21.1%","97,085","17,187","17.7%","71,025","10,353","14.6%","98,585","17,087","17.3%","68,348","18,279","26.7%","11,980","2,821","23.5%","43,623","6,536","15.0%","21,460","3,323","15.5%","80,736","17,764","22.0%","18,498","3,329","18.0%","1,411,777","299,302","21.2%"
"    Male","23,578","5,484","23.3%","57,239","9,136","16.0%","30,521","4,663","15.3%","41,289","8,881","21.5%","8,578","1,646","19.2%","12,135","3,470","28.6%","69,823","17,419","24.9%","20,622","4,185","20.3%","80,953","16,078","19.9%","7,697","1,069","13.9%","28,453","6,285","22.1%","52,280","9,662","18.5%","44,720","7,238","16.2%","32,830","4,217","12.8%","41,705","6,455","15.5%","32,994","7,590","23.0%","5,556","1,207","21.7%","19,698","3,341","17.0%","10,474","1,541","14.7%","38,607","6,966","18.0%","9,006","1,473","16.4%","668,758","128,006","19.1%"
"    Female","24,742","6,171","24.9%","68,767","13,625","19.8%","36,855","5,852","15.9%","46,449","12,156","26.2%","9,641","2,077","21.5%","13,663","4,478","32.8%","73,312","21,937","29.9%","23,590","5,373","22.8%","72,623","20,327","28.0%","8,864","1,411","15.9%","32,269","7,997","24.8%","56,494","13,241","23.4%","52,365","9,949","19.0%","38,195","6,136","16.1%","56,880","10,632","18.7%","35,354","10,689","30.2%","6,424","1,614","25.1%","23,925","3,195","13.4%","10,986","1,782","16.2%","42,129","10,798","25.6%","9,492","1,856","19.6%","743,019","171,296","23.1%"
"    15 years","80","80","100.0%","47","47","100.0%","110","110","100.0%","146","146","100.0%","21","21","100.0%","19","19","100.0%","84","84","100.0%","172","172","100.0%","242","242","100.0%","30","30","100.0%","129","129","100.0%","56","56","100.0%","12","12","100.0%","30","30","100.0%","56","43","76.8%","74","61","82.4%","17","17","100.0%","46","46","100.0%","39","39","100.0%","27","27","100.0%","25","16","64.0%","1,462","1,427","97.6%"
"    16 to 17 years","135","131","97.0%","213","213","100.0%","184","171","92.9%","284","284","100.0%","69","69","100.0%","90","90","100.0%","199","183","92.0%","182","182","100.0%","353","353","100.0%","19","19","100.0%","166","122","73.5%","314","314","100.0%","208","208","100.0%","123","123","100.0%","204","194","95.1%","139","129","92.8%","33","33","100.0%","26","17","65.4%","72","72","100.0%","134","129","96.3%","26","21","80.8%","3,173","3,057","96.3%"
"    18 to 24 years","2,842","1,444","50.8%","5,456","1,882","34.5%","3,866","1,444","37.4%","5,494","2,503","45.6%","783","198","25.3%","1,764","931","52.8%","8,596","4,771","55.5%","3,957","2,732","69.0%","12,009","5,923","49.3%","699","314","44.9%","4,666","2,397","51.4%","8,801","5,633","64.0%","4,411","2,009","45.5%","4,150","1,615","38.9%","3,623","1,647","45.5%","3,266","1,685","51.6%","935","377","40.3%","2,600","1,339","51.5%","907","354","39.0%","3,828","1,738","45.4%","1,074","425","39.6%","83,727","41,361","49.4%"
"    25 to 34 years","7,420","1,657","22.3%","21,911","3,320","15.2%","12,477","1,670","13.4%","16,784","3,478","20.7%","2,487","493","19.8%","4,361","1,418","32.5%","27,571","6,578","23.9%","8,242","1,310","15.9%","52,048","7,747","14.9%","2,083","373","17.9%","12,024","2,303","19.2%","21,961","3,727","17.0%","16,173","2,596","16.1%","13,663","1,558","11.4%","13,459","2,047","15.2%","11,595","2,831","24.4%","1,652","421","25.5%","7,113","851","12.0%","3,290","449","13.6%","14,105","3,100","22.0%","3,091","493","15.9%","273,510","48,420","17.7%"
"    35 to 44 years","5,227","1,473","28.2%","16,352","2,522","15.4%","6,958","1,056","15.2%","10,506","2,484","23.6%","1,476","393","26.6%","3,146","1,056","33.6%","22,277","5,133","23.0%","3,878","707","18.2%","24,069","4,176","17.4%","1,676","201","12.0%","6,979","1,568","22.5%","13,507","2,129","15.8%","10,286","1,816","17.7%","8,036","920","11.4%","8,546","1,476","17.3%","9,471","2,208","23.3%","1,566","328","20.9%","4,459","689","15.5%","2,441","391","16.0%","12,841","2,556","19.9%","1,757","237","13.5%","175,454","33,519","19.1%"
"    45 to 54 years","7,605","2,070","27.2%","18,520","3,228","17.4%","10,515","2,122","20.2%","14,622","3,428","23.4%","2,833","685","24.2%","4,013","1,203","30.0%","22,970","5,738","25.0%","7,541","1,370","18.2%","20,834","4,691","22.5%","2,591","366","14.1%","8,702","2,160","24.8%","15,727","2,616","16.6%","14,859","2,671","18.0%","10,640","1,424","13.4%","12,182","2,624","21.5%","12,205","3,002","24.6%","1,855","375","20.2%","7,339","1,009","13.7%","4,034","595","14.7%","12,820","2,583","20.1%","3,033","598","19.7%","215,440","44,558","20.7%"
"    55 to 64 years","9,967","2,391","24.0%","21,915","4,009","18.3%","12,394","1,821","14.7%","15,448","4,154","26.9%","3,549","707","19.9%","5,213","1,670","32.0%","25,485","7,991","31.4%","7,890","1,466","18.6%","18,647","4,969","26.6%","3,423","599","17.5%","11,571","2,774","24.0%","18,031","3,323","18.4%","19,250","3,408","17.7%","12,483","1,689","13.5%","16,494","3,410","20.7%","12,099","3,620","29.9%","2,275","722","31.7%","8,657","1,110","12.8%","4,669","729","15.6%","14,014","3,093","22.1%","3,666","800","21.8%","247,140","54,455","22.0%"
"    65 to 74 years","7,886","1,285","16.3%","17,801","3,074","17.3%","9,832","905","9.2%","12,482","2,196","17.6%","3,309","547","16.5%","4,001","735","18.4%","19,075","5,173","27.1%","6,096","877","14.4%","13,376","4,081","30.5%","3,090","268","8.7%","7,637","1,283","16.8%","14,241","2,325","16.3%","14,317","1,970","13.8%","10,117","1,340","13.2%","18,623","2,507","13.5%","9,717","2,627","27.0%","1,849","247","13.4%","6,674","668","10.0%","3,202","350","10.9%","11,448","2,369","20.7%","3,055","336","11.0%","197,828","35,163","17.8%"
"    75 years and over","7,158","1,124","15.7%","23,791","4,466","18.8%","11,040","1,216","11.0%","11,972","2,364","19.7%","3,692","610","16.5%","3,191","826","25.9%","16,878","3,705","22.0%","6,254","742","11.9%","11,998","4,223","35.2%","2,950","310","10.5%","8,848","1,546","17.5%","16,136","2,780","17.2%","17,569","2,497","14.2%","11,783","1,654","14.0%","25,398","3,139","12.4%","9,782","2,116","21.6%","1,798","301","16.7%","6,709","807","12.0%","2,806","344","12.3%","11,519","2,169","18.8%","2,771","403","14.5%","214,043","37,342","17.4%"
"    Mean income deficit for unrelated individuals (dollars)","6,497","(X)","(X)","6,981","(X)","(X)","7,219","(X)","(X)","6,997","(X)","(X)","6,189","(X)","(X)","6,310","(X)","(X)","6,998","(X)","(X)","7,628","(X)","(X)","7,456","(X)","(X)","6,987","(X)","(X)","7,234","(X)","(X)","8,039","(X)","(X)","6,929","(X)","(X)","7,090","(X)","(X)","6,565","(X)","(X)","7,092","(X)","(X)","6,587","(X)","(X)","7,354","(X)","(X)","7,433","(X)","(X)","6,982","(X)","(X)","6,489","(X)","(X)","7,106","(X)","(X)"
"    Worked full-time, year-round in the past 12 months","17,836","733","4.1%","59,217","1,233","2.1%","30,716","540","1.8%","36,677","1,079","2.9%","5,862","87","1.5%","9,226","495","5.4%","61,555","1,843","3.0%","17,962","345","1.9%","84,908","2,295","2.7%","7,384","260","3.5%","25,408","549","2.2%","49,039","773","1.6%","41,579","1,088","2.6%","34,851","659","1.9%","32,845","1,015","3.1%","31,249","1,104","3.5%","4,894","174","3.6%","21,536","769","3.6%","10,389","124","1.2%","37,115","1,443","3.9%","7,608","212","2.8%","627,856","16,820","2.7%"
"    Worked less than full-time, year-round in the past 12 months","10,861","3,491","32.1%","22,192","5,260","23.7%","12,884","3,200","24.8%","16,929","5,070","29.9%","4,262","1,048","24.6%","5,234","2,119","40.5%","28,591","9,856","34.5%","9,673","3,387","35.0%","27,633","9,202","33.3%","2,905","627","21.6%","12,163","3,934","32.3%","21,530","7,024","32.6%","18,959","4,995","26.3%","13,469","3,124","23.2%","17,706","4,388","24.8%","10,322","3,246","31.4%","1,914","618","32.3%","7,515","1,566","20.8%","4,067","1,081","26.6%","15,231","4,455","29.2%","4,385","1,108","25.3%","268,425","78,799","29.4%"
"    Did not work","19,623","7,431","37.9%","44,597","16,268","36.5%","23,776","6,775","28.5%","34,132","14,888","43.6%","8,095","2,588","32.0%","11,338","5,334","47.0%","52,989","27,657","52.2%","16,577","5,826","35.1%","41,035","24,908","60.7%","6,272","1,593","25.4%","23,151","9,799","42.3%","38,205","15,106","39.5%","36,547","11,104","30.4%","22,705","6,570","28.9%","48,034","11,684","24.3%","26,777","13,929","52.0%","5,172","2,029","39.2%","14,572","4,201","28.8%","7,004","2,118","30.2%","28,390","11,866","41.8%","6,505","2,009","30.9%","515,496","203,683","39.5%"